종목코드,종목명,시장구분,업종명,종가,대비,등락률,시가총액
"095570","AJ네트웍스","KOSPI","서비스업","5350","20","0.38","250499278250"
"006840","AK홀딩스","KOSPI","기타금융","17410","-320","-1.80","230640037010"
"027410","BGF","KOSPI","기타금융","4485","-60","-1.32","429289807635"
"282330","BGF리테일","KOSPI","유통업","182000","1100","0.61","3145670892000"
"138930","BNK금융지주","KOSPI","기타금융","6590","-20","-0.30","2147913271140"
"001460","BYC","KOSPI","섬유의복","557000","-1000","-0.18","347910555000"
"001465","BYC우","KOSPI","섬유의복","172800","100","0.06","37218528000"
"001040","CJ","KOSPI","기타금융","91100","200","0.22","2658024517800"
"079160","CJ CGV","KOSPI","서비스업","16880","-110","-0.65","805593931920"
"00104K","CJ4우(전환)","KOSPI","기타금융","76900","-100","-0.13","325018772800"
"000120","CJ대한통운","KOSPI","운수창고업","82200","-200","-0.24","1875174676800"
"011150","CJ씨푸드","KOSPI","음식료품","3385","-15","-0.44","121625666605"
"011155","CJ씨푸드1우","KOSPI","음식료품","25950","-300","-1.14","5190000000"
"001045","CJ우","KOSPI","기타금융","50600","-400","-0.78","114367283800"
"097950","CJ제일제당","KOSPI","음식료품","325500","5000","1.56","4900137543000"
"097955","CJ제일제당 우","KOSPI","음식료품","159100","400","0.25","211194590300"
"000590","CS홀딩스","KOSPI","기타금융","64700","-500","-0.77","74694985400"
"012030","DB","KOSPI","서비스업","1410","-54","-3.69","283655245530"
"016610","DB금융투자","KOSPI","증권","4125","-25","-0.60","175091354625"
"005830","DB손해보험","KOSPI","보험","74400","-900","-1.20","5267520000000"
"000990","DB하이텍","KOSPI","전기전자","45200","-1100","-2.38","2006816177600"
"000995","DB하이텍1우","KOSPI","전기전자","91800","-900","-0.97","10310608800"
"139130","DGB금융지주","KOSPI","기타금융","7820","60","0.77","1322720414060"
"001530","DI동일","KOSPI","유통업","21200","-700","-3.20","542047324000"
"000210","DL","KOSPI","기타금융","56600","-400","-0.70","1186103034400"
"001880","DL건설","KOSPI","건설업","14840","-50","-0.34","327270734560"
"000215","DL우","KOSPI","기타금융","32700","0","0.00","55135960500"
"375500","DL이앤씨","KOSPI","건설업","33050","250","0.76","1278824240150"
"37550L","DL이앤씨2우(전환)","KOSPI","건설업","23600","100","0.43","49842043600"
"37550K","DL이앤씨우","KOSPI","건설업","21100","-100","-0.47","44602973500"
"007340","DN오토모티브","KOSPI","전기전자","74200","1600","2.20","741555171000"
"004840","DRB동일","KOSPI","화학","4700","40","0.86","93671000000"
"155660","DSR","KOSPI","철강금속","5920","-70","-1.17","94720000000"
"069730","DSR제강","KOSPI","철강금속","6080","-50","-0.82","87552000000"
"017940","E1","KOSPI","유통업","48750","-200","-0.41","334425000000"
"365550","ESR켄달스퀘어리츠","KOSPI","서비스업","3890","-55","-1.39","828916210000"
"383220","F&F","KOSPI","섬유의복","140000","-4000","-2.78","5362990500000"
"007700","F&F홀딩스","KOSPI","기타금융","25350","-450","-1.74","991549203450"
"114090","GKL","KOSPI","서비스업","19340","-1160","-5.66","1196288657800"
"078930","GS","KOSPI","기타금융","40750","50","0.12","3786301653500"
"006360","GS건설","KOSPI","건설업","22600","200","0.89","1934141674000"
"001250","GS글로벌","KOSPI","유통업","2545","90","3.67","210048429380"
"007070","GS리테일","KOSPI","유통업","28750","300","1.05","3010640257500"
"078935","GS우","KOSPI","기타금융","35050","50","0.14","62558151300"
"012630","HDC","KOSPI","기타금융","6740","270","4.17","402659199540"
"039570","HDC랩스","KOSPI","건설업","8250","310","3.90","214150208250"
"089470","HDC현대EP","KOSPI","화학","4265","155","3.77","136053500000"
"294870","HDC현대산업개발","KOSPI","건설업","11190","760","7.29","737503022700"
"267250","HD현대","KOSPI","화학","58700","-100","-0.17","4636894089500"
"097230","HJ중공업","KOSPI","건설업","3890","-20","-0.51","323936953090"
"014790","HL D&I","KOSPI","건설업","2690","-10","-0.37","101839636690"
"003580","HLB글로벌","KOSPI","광업","6320","650","11.46","267759705440"
"204320","HL만도","KOSPI","운수장비","48200","-2200","-4.37","2263333184000"
"060980","HL홀딩스","KOSPI","기타금융","32950","-150","-0.45","345054706500"
"011200","HMM","KOSPI","운수창고업","21500","-550","-2.49","10514349164000"
"082740","HSD엔진","KOSPI","기계","7550","-150","-1.95","540157154700"
"003560","IHQ","KOSPI","서비스업","290","40","16.00","70265737920"
"175330","JB금융지주","KOSPI","기타금융","9380","40","0.43","1847699545720"
"234080","JW생명과학","KOSPI","의약품","12270","-80","-0.65","194289977580"
"001060","JW중외제약","KOSPI","의약품","21550","350","1.65","477937645550"
"001067","JW중외제약2우B","KOSPI","의약품","58700","0","0.00","11740000000"
"001065","JW중외제약우","KOSPI","의약품","32900","400","1.23","10714049500"
"096760","JW홀딩스","KOSPI","기타금융","3190","-35","-1.09","224718612140"
"105560","KB금융","KOSPI","기타금융","50800","600","1.20","20771971054400"
"432320","KB스타리츠","KOSPI","서비스업","4525","-35","-0.77","458899639625"
"002380","KCC","KOSPI","화학","250000","0","0.00","2221617750000"
"344820","KCC글라스","KOSPI","비금속광물","40450","-400","-0.98","646007210400"
"009070","KCTC","KOSPI","운수창고업","4540","15","0.33","136200000000"
"009440","KC그린홀딩스","KOSPI","기타금융","3420","255","8.06","76727631600"
"119650","KC코트렐","KOSPI","기계","2035","210","11.51","70411927960"
"092220","KEC","KOSPI","전기전자","2800","50","1.82","405336794800"
"016380","KG스틸","KOSPI","철강금속","9330","340","3.78","933083009010"
"001390","KG케미칼","KOSPI","화학","33300","7650","29.82","461740996800"
"033180","KH 필룩스","KOSPI","전기전자","500","5","1.01","95356329000"
"001940","KISCO홀딩스","KOSPI","철강금속","21300","0","0.00","344556894000"
"025000","KPX케미칼","KOSPI","화학","49200","500","1.03","238128000000"
"092230","KPX홀딩스","KOSPI","화학","55300","1300","2.41","233622923800"
"000040","KR모터스","KOSPI","운수장비","503","-9","-1.76","48357647895"
"044450","KSS해운","KOSPI","운수창고업","9000","0","0.00","207772920000"
"030200","KT","KOSPI","통신업","30800","300","0.98","8042243686400"
"033780","KT&G","KOSPI","기타제조업","87000","0","0.00","11944447239000"
"058850","KTcs","KOSPI","서비스업","4970","-270","-5.15","212144450000"
"058860","KTis","KOSPI","서비스업","4280","-315","-6.86","148952560000"
"093050","LF","KOSPI","섬유의복","17150","-330","-1.89","501466000000"
"003550","LG","KOSPI","기타금융","82100","-1300","-1.56","12914411525300"
"034220","LG디스플레이","KOSPI","전기전자","15220","-200","-1.30","5445954954000"
"051900","LG생활건강","KOSPI","화학","672000","1000","0.15","10495428384000"
"051905","LG생활건강우","KOSPI","화학","283000","-2000","-0.70","594214251000"
"373220","LG에너지솔루션","KOSPI","전기전자","566000","19000","3.47","132444000000000"
"003555","LG우","KOSPI","기타금융","61900","200","0.32","187038278000"
"032640","LG유플러스","KOSPI","통신업","11170","100","0.90","4876948902370"
"011070","LG이노텍","KOSPI","전기전자","279000","-2500","-0.89","6603122853000"
"066570","LG전자","KOSPI","전기전자","114400","-100","-0.09","18721309921600"
"066575","LG전자우","KOSPI","전기전자","48200","-50","-0.10","828364814400"
"037560","LG헬로비전","KOSPI","서비스업","4525","50","1.12","350447064125"
"051910","LG화학","KOSPI","화학","740000","14000","1.93","52238333820000"
"051915","LG화학우","KOSPI","화학","317500","5000","1.60","2441194000000"
"079550","LIG넥스원","KOSPI","기계","74400","-1100","-1.46","1636800000000"
"006260","LS","KOSPI","기타금융","71200","1100","1.57","2292640000000"
"010120","LS ELECTRIC","KOSPI","전기전자","51800","500","0.97","1554000000000"
"000680","LS네트웍스","KOSPI","유통업","2505","25","1.01","197401555080"
"229640","LS전선아시아","KOSPI","기타금융","7120","10","0.14","218049138480"
"108320","LX세미콘","KOSPI","전기전자","94600","100","0.11","1538602780000"
"001120","LX인터내셔널","KOSPI","유통업","32000","-150","-0.47","1240320000000"
"108670","LX하우시스","KOSPI","화학","35700","-200","-0.56","320145819000"
"108675","LX하우시스우","KOSPI","화학","17250","-300","-1.71","17807692500"
"383800","LX홀딩스","KOSPI","기타금융","8550","-10","-0.12","652199899500"
"38380K","LX홀딩스1우","KOSPI","기타금융","11050","-100","-0.90","16191399250"
"023150","MH에탄올","KOSPI","음식료품","7600","50","0.66","56076797600"
"035420","NAVER","KOSPI","서비스업","211000","-3500","-1.63","34614356935000"
"181710","NHN","KOSPI","서비스업","28800","-400","-1.37","1037295302400"
"400760","NH올원리츠","KOSPI","서비스업","3620","5","0.14","152764000000"
"005940","NH투자증권","KOSPI","증권","9200","-90","-0.97","3051326473200"
"005945","NH투자증권우","KOSPI","증권","8800","60","0.69","166064518400"
"338100","NH프라임리츠","KOSPI","서비스업","4400","40","0.92","82104000000"
"034310","NICE","KOSPI","서비스업","13540","-110","-0.81","512926342000"
"008260","NI스틸","KOSPI","철강금속","6300","160","2.61","180180737100"
"004250","NPC","KOSPI","화학","7970","200","2.57","292658400000"
"004255","NPC우","KOSPI","화학","3780","-25","-0.66","19958400000"
"010060","OCI","KOSPI","화학","100300","2800","2.87","2392091911300"
"178920","PI첨단소재","KOSPI","화학","35750","-250","-0.69","1049846011500"
"005490","POSCO홀딩스","KOSPI","철강금속","335000","5500","1.67","28331362050000"
"010950","S-Oil","KOSPI","화학","84000","800","0.96","9456954528000"
"010955","S-Oil우","KOSPI","화학","51200","700","1.39","205922662400"
"034120","SBS","KOSPI","서비스업","44150","700","1.61","805851495300"
"005090","SGC에너지","KOSPI","전기가스업","31100","100","0.32","456454824400"
"001380","SG글로벌","KOSPI","운수장비","1390","-3","-0.22","62500158770"
"004060","SG세계물산","KOSPI","유통업","546","2","0.37","110524028160"
"001770","SHD","KOSPI","철강금속","36850","-250","-0.67","44768254300"
"002360","SH에너지화학","KOSPI","화학","871","4","0.46","96797478830"
"009160","SIMPAC","KOSPI","철강금속","5870","300","5.39","384071258920"
"123700","SJM","KOSPI","운수장비","4600","70","1.55","71782530800"
"025530","SJM홀딩스","KOSPI","유통업","3450","-10","-0.29","51522327600"
"034730","SK","KOSPI","기타금융","181000","-3400","-1.84","13421028549000"
"011790","SKC","KOSPI","화학","114900","4600","4.17","4351067440200"
"018670","SK가스","KOSPI","유통업","124000","-2100","-1.67","1144550256000"
"001740","SK네트웍스","KOSPI","유통업","4390","70","1.62","1089543770330"
"001745","SK네트웍스우","KOSPI","유통업","50000","450","0.91","5682400000"
"006120","SK디스커버리","KOSPI","기타금융","33000","750","2.33","628249215000"
"006125","SK디스커버리우","KOSPI","기타금융","29200","0","0.00","39666886000"
"210980","SK디앤디","KOSPI","서비스업","20600","-200","-0.96","457117378400"
"068400","SK렌터카","KOSPI","서비스업","7170","130","1.85","339039472800"
"395400","SK리츠","KOSPI","서비스업","5140","0","0.00","1010287966060"
"302440","SK바이오사이언스","KOSPI","의약품","72200","500","0.70","5543808121200"
"326030","SK바이오팜","KOSPI","서비스업","65700","300","0.46","5145180525000"
"402340","SK스퀘어","KOSPI","기타금융","41700","850","2.08","5899197710700"
"361610","SK아이이테크놀로지","KOSPI","전기전자","69400","1100","1.61","4948052884800"
"03473K","SK우","KOSPI","기타금융","162000","-300","-0.18","91713870000"
"096770","SK이노베이션","KOSPI","화학","176800","8800","5.24","16347911715200"
"096775","SK이노베이션우","KOSPI","화학","111200","6700","6.41","138824971200"
"001510","SK증권","KOSPI","증권","767","-14","-1.79","362476661157"
"001515","SK증권우","KOSPI","증권","2820","-5","-0.18","11033289480"
"285130","SK케미칼","KOSPI","화학","84900","1500","1.80","1464846176700"
"28513K","SK케미칼우","KOSPI","화학","38250","350","0.92","80915159250"
"017670","SK텔레콤","KOSPI","통신업","47450","1200","2.59","10383632682800"
"000660","SK하이닉스","KOSPI","전기전자","88900","-800","-0.89","64719410248500"
"064960","SNT모티브","KOSPI","운수장비","49050","-850","-1.70","717264820800"
"100840","SNT에너지","KOSPI","기계","19500","80","0.41","146380864500"
"003570","SNT중공업","KOSPI","운수장비","9760","130","1.35","324546322720"
"036530","SNT홀딩스","KOSPI","기타금융","16310","160","0.99","265916380660"
"005610","SPC삼립","KOSPI","음식료품","70300","-500","-0.71","606619332700"
"011810","STX","KOSPI","유통업","5810","740","14.60","166290647740"
"077970","STX엔진","KOSPI","기계","13720","360","2.69","315682162880"
"071970","STX중공업","KOSPI","기계","6060","-70","-1.14","173029174140"
"002820","SUN&L","KOSPI","종이목재","3150","5","0.16","39715165350"
"084870","TBH글로벌","KOSPI","섬유의복","1864","27","1.47","38877110616"
"002710","TCC스틸","KOSPI","철강금속","15230","880","6.13","387249006520"
"069260","TKG휴켐스","KOSPI","화학","20050","210","1.06","819615689400"
"002900","TYM","KOSPI","기계","2690","-35","-1.28","409831579430"
"024070","WISCOM","KOSPI","화학","2760","15","0.55","42300968880"
"037270","YG PLUS","KOSPI","서비스업","5700","210","3.83","361547637000"
"000500","가온전선","KOSPI","전기전자","16800","470","2.88","106829956800"
"000860","강남제비스코","KOSPI","화학","21600","-100","-0.46","140400000000"
"035250","강원랜드","KOSPI","서비스업","19210","-390","-1.99","4109797005000"
"011420","갤럭시아에스엠","KOSPI","서비스업","2825","-165","-5.52","77827744300"
"002100","경농","KOSPI","화학","10850","100","0.93","211819938750"
"009450","경동나비엔","KOSPI","전기전자","38400","-200","-0.52","559433932800"
"267290","경동도시가스","KOSPI","전기가스업","22700","-300","-1.30","133825716200"
"012320","경동인베스트","KOSPI","기타금융","85900","4300","5.27","203155475700"
"000050","경방","KOSPI","유통업","11040","10","0.09","302664580800"
"214390","경보제약","KOSPI","의약품","6990","220","3.25","167108951400"
"012610","경인양행","KOSPI","화학","5130","555","12.13","213491952450"
"009140","경인전자","KOSPI","전기전자","24400","-100","-0.41","38327446800"
"013580","계룡건설","KOSPI","건설업","19270","190","1.00","172098577890"
"012200","계양전기","KOSPI","기계","2270","10","0.44","61795821830"
"012205","계양전기우","KOSPI","기계","5090","70","1.39","5950612110"
"002140","고려산업","KOSPI","음식료품","4070","65","1.62","101503459750"
"010130","고려아연","KOSPI","철강금속","586000","3000","0.51","11639810588000"
"002240","고려제강","KOSPI","철강금속","22000","300","1.38","550000000000"
"009290","광동제약","KOSPI","의약품","5850","50","0.86","306661978350"
"017040","광명전기","KOSPI","전기전자","2470","40","1.65","107043909050"
"017900","광전자","KOSPI","전기전자","2360","55","2.39","136747280680"
"037710","광주신세계","KOSPI","유통업","36250","100","0.28","290000000000"
"030610","교보증권","KOSPI","증권","5510","-10","-0.18","356239660960"
"339770","교촌에프앤비","KOSPI","유통업","9530","70","0.74","238083606200"
"007690","국도화학","KOSPI","화학","47100","600","1.29","424400013600"
"005320","국동","KOSPI","유통업","1636","-36","-2.15","93547304544"
"001140","국보","KOSPI","운수창고업","639","22","3.57","67848322851"
"002720","국제약품","KOSPI","의약품","4785","75","1.59","96633787965"
"083420","그린케미칼","KOSPI","화학","10450","280","2.75","250800000000"
"014530","극동유화","KOSPI","화학","3735","45","1.22","130237283700"
"014280","금강공업","KOSPI","철강금속","5760","140","2.49","168937096320"
"014285","금강공업우","KOSPI","철강금속","11880","130","1.11","7007715000"
"008870","금비","KOSPI","비금속광물","97500","-1300","-1.32","97500000000"
"001570","금양","KOSPI","화학","53100","7850","17.35","3082456964700"
"002990","금호건설","KOSPI","건설업","6710","30","0.45","247958622450"
"002995","금호건설우","KOSPI","건설업","22000","-300","-1.35","6429852000"
"011780","금호석유","KOSPI","화학","158000","-1100","-0.69","4631661296000"
"011785","금호석유우","KOSPI","화학","80300","-700","-0.86","242785925800"
"214330","금호에이치티","KOSPI","운수장비","856","26","3.13","167896669464"
"001210","금호전기","KOSPI","전기전자","975","36","3.83","26865336225"
"073240","금호타이어","KOSPI","화학","3215","20","0.63","923541822705"
"092440","기신정기","KOSPI","기계","3850","35","0.92","112420000000"
"000270","기아","KOSPI","운수장비","77600","-900","-1.15","31456195727200"
"024110","기업은행","KOSPI","은행","10140","-90","-0.88","8085898311660"
"013700","까뮤이앤씨","KOSPI","건설업","1729","38","2.25","78068292120"
"004540","깨끗한나라","KOSPI","종이목재","3115","-15","-0.48","116004758695"
"004545","깨끗한나라우","KOSPI","종이목재","18420","100","0.55","6744667200"
"001260","남광토건","KOSPI","건설업","10030","110","1.11","98620697160"
"008350","남선알미늄","KOSPI","철강금속","2350","-45","-1.88","303335861500"
"008355","남선알미우","KOSPI","철강금속","27400","-600","-2.14","8436186000"
"004270","남성","KOSPI","유통업","2445","-75","-2.98","88538731200"
"003920","남양유업","KOSPI","음식료품","534000","-4000","-0.74","384480000000"
"003925","남양유업우","KOSPI","음식료품","339000","1000","0.30","56498418000"
"025860","남해화학","KOSPI","화학","9460","320","3.50","469961854780"
"005720","넥센","KOSPI","화학","4145","60","1.47","221939784665"
"005725","넥센우","KOSPI","화학","3085","0","0.00","11107851000"
"002350","넥센타이어","KOSPI","화학","7710","150","1.98","753019331670"
"002355","넥센타이어1우B","KOSPI","화학","2910","10","0.34","18915000000"
"251270","넷마블","KOSPI","서비스업","60000","-1200","-1.96","5157210120000"
"090350","노루페인트","KOSPI","화학","8070","130","1.64","161400000000"
"090355","노루페인트우","KOSPI","화학","14950","40","0.27","6923733700"
"000320","노루홀딩스","KOSPI","기타금융","10150","10","0.10","134905182650"
"000325","노루홀딩스우","KOSPI","기타금융","22050","0","0.00","5370475950"
"006280","녹십자","KOSPI","의약품","125400","4800","3.98","1465491865200"
"005250","녹십자홀딩스","KOSPI","서비스업","15940","180","1.14","749629667400"
"005257","녹십자홀딩스2우","KOSPI","서비스업","33450","350","1.06","28298365500"
"004370","농심","KOSPI","음식료품","352000","-3500","-0.98","2141089984000"
"072710","농심홀딩스","KOSPI","기타금융","70300","-100","-0.14","326036637000"
"058730","다스코","KOSPI","기계","4800","35","0.73","93105316800"
"030210","다올투자증권","KOSPI","증권","4645","-255","-5.20","280158957340"
"023590","다우기술","KOSPI","서비스업","21200","-150","-0.70","951172280400"
"145210","다이나믹디자인","KOSPI","기계","3345","-45","-1.33","46632818940"
"019680","대교","KOSPI","서비스업","2935","40","1.38","248602864750"
"019685","대교우B","KOSPI","서비스업","1998","-22","-1.09","38815126020"
"006370","대구백화점","KOSPI","유통업","9700","110","1.15","104969626700"
"008060","대덕","KOSPI","기타금융","7090","0","0.00","240281163500"
"00806K","대덕1우","KOSPI","기타금융","10460","120","1.16","12681254220"
"353200","대덕전자","KOSPI","전기전자","22650","-300","-1.31","1119293351250"
"35320K","대덕전자1우","KOSPI","전기전자","10940","-150","-1.35","22924977860"
"000490","대동","KOSPI","기계","12260","-110","-0.89","293410660040"
"008110","대동전자","KOSPI","전기전자","9690","50","0.52","101652431430"
"005750","대림B&Co","KOSPI","비금속광물","3720","20","0.54","62020732800"
"006570","대림통상","KOSPI","기계","3885","-35","-0.89","59149125000"
"001680","대상","KOSPI","음식료품","19910","70","0.35","689842177750"
"001685","대상우","KOSPI","음식료품","15500","-50","-0.32","21238456500"
"084690","대상홀딩스","KOSPI","기타금융","7780","0","0.00","281733545640"
"084695","대상홀딩스우","KOSPI","기타금융","9040","-150","-1.63","8257877280"
"128820","대성산업","KOSPI","유통업","4280","25","0.59","193607845840"
"117580","대성에너지","KOSPI","전기가스업","9400","-20","-0.21","258500000000"
"016710","대성홀딩스","KOSPI","서비스업","128300","600","0.47","2064277589700"
"003540","대신증권","KOSPI","증권","13060","20","0.15","663100604000"
"003547","대신증권2우B","KOSPI","증권","12010","180","1.52","120100000000"
"003545","대신증권우","KOSPI","증권","12540","300","2.45","326040000000"
"009190","대양금속","KOSPI","철강금속","3315","100","3.11","110596167045"
"014160","대영포장","KOSPI","종이목재","1522","10","0.66","164976503578"
"047040","대우건설","KOSPI","건설업","4390","25","0.57","1824583380820"
"009320","대우부품","KOSPI","운수장비","1504","12","0.80","71660148000"
"042660","대우조선해양","KOSPI","운수장비","23450","-550","-2.29","2515966188050"
"003090","대웅","KOSPI","의약품","17190","-50","-0.29","999460636200"
"069620","대웅제약","KOSPI","의약품","117000","1000","0.86","1355629275000"
"000430","대원강업","KOSPI","운수장비","3515","35","1.01","217930000000"
"006340","대원전선","KOSPI","전기전자","1143","15","1.33","82255462362"
"006345","대원전선우","KOSPI","전기전자","2540","-90","-3.42","6657848000"
"003220","대원제약","KOSPI","의약품","15400","130","0.85","338255918000"
"024890","대원화성","KOSPI","화학","2370","45","1.94","97760490240"
"002880","대유에이텍","KOSPI","운수장비","754","15","2.03","87284860156"
"000300","대유플러스","KOSPI","전기전자","912","22","2.47","110350881888"
"012800","대창","KOSPI","철강금속","1326","19","1.45","120852301674"
"015230","대창단조","KOSPI","운수장비","7080","-150","-2.07","202291388400"
"001070","대한방직","KOSPI","섬유의복","52800","400","0.76","279840000000"
"006650","대한유화","KOSPI","화학","175100","-200","-0.11","1138150000000"
"001440","대한전선","KOSPI","전기전자","1515","17","1.13","1885376608635"
"084010","대한제강","KOSPI","철강금속","13110","60","0.46","323118682740"
"001790","대한제당","KOSPI","음식료품","2810","20","0.72","252047389800"
"001795","대한제당우","KOSPI","음식료품","2520","-10","-0.40","16336555200"
"001130","대한제분","KOSPI","음식료품","157000","2900","1.88","265330000000"
"003490","대한항공","KOSPI","운수창고업","23450","-250","-1.05","8634774500450"
"003495","대한항공우","KOSPI","운수창고업","29900","-150","-0.50","33212740600"
"005880","대한해운","KOSPI","운수창고업","2350","-60","-2.49","750067031000"
"003830","대한화섬","KOSPI","화학","132100","1300","0.99","175428800000"
"016090","대현","KOSPI","섬유의복","2245","25","1.13","99413785950"
"069460","대호에이엘","KOSPI","철강금속","1480","30","2.07","76965208120"
"192080","더블유게임즈","KOSPI","서비스업","44950","-400","-0.88","825933864900"
"012510","더존비즈온","KOSPI","서비스업","42850","4950","13.06","1301902294400"
"004830","덕성","KOSPI","화학","5190","-70","-1.33","81379200000"
"004835","덕성우","KOSPI","화학","6190","-60","-0.96","8616480000"
"024900","덕양산업","KOSPI","운수장비","2650","-20","-0.75","86297197000"
"145720","덴티움","KOSPI","의료정밀","123700","400","0.32","1369214271000"
"002150","도화엔지니어링","KOSPI","서비스업","8550","50","0.59","288306000000"
"001230","동국제강","KOSPI","철강금속","13650","-110","-0.80","1302656860050"
"023450","동남합성","KOSPI","화학","48700","-250","-0.51","175807000000"
"004140","동방","KOSPI","운수창고업","2600","0","0.00","124726591600"
"007590","동방아그로","KOSPI","화학","6700","80","1.21","91237765900"
"005960","동부건설","KOSPI","건설업","7130","80","1.13","163097773190"
"005965","동부건설우","KOSPI","건설업","29800","350","1.19","6726813600"
"026960","동서","KOSPI","유통업","19450","210","1.09","1939165000000"
"002210","동성제약","KOSPI","의약품","6560","10","0.15","171222363200"
"102260","동성케미컬","KOSPI","서비스업","4560","60","1.33","226585159680"
"000640","동아쏘시오홀딩스","KOSPI","기타금융","93900","-1000","-1.05","596162930700"
"170900","동아에스티","KOSPI","의약품","60400","700","1.17","510173915200"
"028100","동아지질","KOSPI","건설업","12560","40","0.32","176501233760"
"282690","동아타이어","KOSPI","화학","11940","-30","-0.25","163972199100"
"001520","동양","KOSPI","비금속광물","1121","16","1.45","267564834623"
"001527","동양2우B","KOSPI","비금속광물","13300","-540","-3.90","4103967700"
"084670","동양고속","KOSPI","운수창고업","14260","130","0.92","41290813940"
"082640","동양생명","KOSPI","보험","4315","-45","-1.03","696262294275"
"001525","동양우","KOSPI","비금속광물","6500","-220","-3.27","4015251500"
"008970","동양철관","KOSPI","철강금속","1068","11","1.04","126969489720"
"092780","동양피스톤","KOSPI","운수장비","5230","80","1.55","68871045800"
"049770","동원F&B","KOSPI","음식료품","166100","2900","1.78","641000496400"
"018500","동원금속","KOSPI","운수장비","990","1","0.10","46287383670"
"006040","동원산업","KOSPI","농업, 임업 및 어업","50000","-600","-1.19","2499133250000"
"030720","동원수산","KOSPI","농업, 임업 및 어업","9370","0","0.00","43606152850"
"014820","동원시스템즈","KOSPI","화학","41950","-1350","-3.12","1216184279900"
"014825","동원시스템즈우","KOSPI","화학","30450","-50","-0.16","8042179950"
"163560","동일고무벨트","KOSPI","화학","6660","-120","-1.77","92574000000"
"004890","동일산업","KOSPI","철강금속","216500","-500","-0.23","525059047500"
"002690","동일제강","KOSPI","철강금속","2330","15","0.65","47299838800"
"000020","동화약품","KOSPI","의약품","9100","130","1.45","254176377000"
"000150","두산","KOSPI","기타금융","106500","1100","1.04","1759788427500"
"000157","두산2우B","KOSPI","기타금융","86300","-400","-0.46","77069179400"
"241560","두산밥캣","KOSPI","기계","39300","100","0.26","3939792223800"
"034020","두산에너빌리티","KOSPI","기계","16840","-50","-0.30","10749107275720"
"000155","두산우","KOSPI","기타금융","55400","100","0.18","221403994800"
"336260","두산퓨얼셀","KOSPI","전기전자","36750","1650","4.70","2406894430500"
"33626K","두산퓨얼셀1우","KOSPI","전기전자","10260","340","3.43","137116692000"
"33626L","두산퓨얼셀2우B","KOSPI","전기전자","13180","370","2.89","39359434000"
"016740","두올","KOSPI","운수장비","2820","0","0.00","93248037600"
"192650","드림텍","KOSPI","전기전자","10650","0","0.00","718298941500"
"024090","디씨엠","KOSPI","철강금속","14670","-70","-0.47","167238000000"
"003160","디아이","KOSPI","의료정밀","5170","10","0.19","146311000000"
"092200","디아이씨","KOSPI","운수장비","3920","50","1.29","152443190480"
"377190","디앤디플랫폼리츠","KOSPI","서비스업","3720","40","1.09","239568000000"
"013570","디와이","KOSPI","기타금융","6570","570","9.50","172919988810"
"210540","디와이파워","KOSPI","기계","11870","-90","-0.75","131065073960"
"115390","락앤락","KOSPI","화학","6620","-10","-0.15","332326939280"
"032350","롯데관광개발","KOSPI","서비스업","13200","-370","-2.73","969985104000"
"089860","롯데렌탈","KOSPI","서비스업","26850","-150","-0.56","983624591550"
"330590","롯데리츠","KOSPI","서비스업","3980","0","0.00","967016158320"
"000400","롯데손해보험","KOSPI","보험","1543","-2","-0.13","478848941760"
"023530","롯데쇼핑","KOSPI","유통업","86800","-400","-0.46","2455463934000"
"004000","롯데정밀화학","KOSPI","화학","58600","-700","-1.18","1511880000000"
"286940","롯데정보통신","KOSPI","서비스업","30650","1150","3.90","471897545150"
"280360","롯데제과","KOSPI","음식료품","119300","-400","-0.33","1125544678200"
"004990","롯데지주","KOSPI","기타금융","30250","-150","-0.49","3173504419250"
"00499K","롯데지주우","KOSPI","기타금융","40150","-200","-0.50","32344960450"
"005300","롯데칠성","KOSPI","음식료품","165700","2700","1.66","1537511078800"
"005305","롯데칠성우","KOSPI","음식료품","72800","-200","-0.27","56442568000"
"011170","롯데케미칼","KOSPI","화학","185700","2300","1.25","7943395308300"
"071840","롯데하이마트","KOSPI","유통업","13110","-70","-0.53","309497104320"
"027740","마니커","KOSPI","음식료품","1420","21","1.50","90185943760"
"357430","마스턴프리미어리츠","KOSPI","서비스업","3825","-25","-0.65","101668500000"
"001080","만호제강","KOSPI","철강금속","51200","1400","2.81","212480000000"
"088980","맥쿼리인프라","KOSPI","기타금융","12870","100","0.78","5210362189890"
"094800","맵스리얼티1","KOSPI","기타금융","4100","-10","-0.24","380620757100"
"138040","메리츠금융지주","KOSPI","기타금융","42100","700","1.69","7335704817000"
"008560","메리츠증권","KOSPI","증권","6610","50","0.76","4065418227190"
"090370","메타랩스","KOSPI","섬유의복","3335","25","0.76","83057137815"
"017180","명문제약","KOSPI","의약품","2725","55","2.06","92523162150"
"009900","명신산업","KOSPI","운수장비","20500","-250","-1.20","1075637726500"
"012690","모나리자","KOSPI","종이목재","3060","0","0.00","111908040300"
"005360","모나미","KOSPI","유통업","3640","-5","-0.14","68786197480"
"204210","모두투어리츠","KOSPI","서비스업","3455","-10","-0.29","27041645825"
"009680","모토닉","KOSPI","운수장비","9050","40","0.44","298650000000"
"009580","무림P&P","KOSPI","종이목재","4030","-20","-0.49","251344345720"
"009200","무림페이퍼","KOSPI","종이목재","2610","-20","-0.76","108600299100"
"033920","무학","KOSPI","음식료품","5450","50","0.93","155325000000"
"008420","문배철강","KOSPI","철강금속","3745","5","0.13","76785626225"
"025560","미래산업","KOSPI","의료정밀","18200","-1200","-6.19","83273663200"
"007120","미래아이앤지","KOSPI","서비스업","388","-2","-0.51","54094154512"
"396690","미래에셋글로벌리츠","KOSPI","서비스업","3925","20","0.51","114060500000"
"357250","미래에셋맵스리츠","KOSPI","서비스업","3740","-5","-0.13","75174000000"
"085620","미래에셋생명","KOSPI","보험","2765","-15","-0.54","489449762585"
"006800","미래에셋증권","KOSPI","증권","6940","-240","-3.34","4270295871520"
"00680K","미래에셋증권2우B","KOSPI","증권","3675","-10","-0.27","514500000000"
"006805","미래에셋증권우","KOSPI","증권","4260","-40","-0.93","59962695000"
"002840","미원상사","KOSPI","화학","181000","-1000","-0.55","877850000000"
"268280","미원에스씨","KOSPI","화학","142500","200","0.14","726750000000"
"107590","미원홀딩스","KOSPI","기타금융","101700","800","0.79","235944000000"
"134380","미원화학","KOSPI","화학","64300","300","0.47","141412932400"
"003650","미창석유","KOSPI","화학","70600","200","0.28","122820843200"
"155900","바다로19호","KOSPI","서비스업","3005","5","0.17","45676012020"
"377740","바이오노트","KOSPI","의약품","7460","20","0.27","759995318080"
"003610","방림","KOSPI","섬유의복","7180","200","2.87","303815166200"
"001340","백광산업","KOSPI","화학","5570","260","4.90","250195526990"
"035150","백산","KOSPI","화학","9170","70","0.77","214715550000"
"002410","범양건영","KOSPI","건설업","3260","-5","-0.15","80952261320"
"007210","벽산","KOSPI","비금속광물","2305","-35","-1.50","158030800000"
"002760","보락","KOSPI","화학","1714","14","0.82","102668600000"
"003850","보령","KOSPI","의약품","9080","30","0.33","623705200000"
"000890","보해양조","KOSPI","음식료품","643","4","0.63","89454242947"
"003000","부광약품","KOSPI","의약품","8390","220","2.69","596218981110"
"001270","부국증권","KOSPI","증권","20600","450","2.23","213619651600"
"001275","부국증권우","KOSPI","증권","18890","270","1.45","56670000000"
"026940","부국철강","KOSPI","철강금속","3700","30","0.82","74000000000"
"011390","부산산업","KOSPI","비금속광물","73300","200","0.27","77404800000"
"005030","부산주공","KOSPI","운수장비","491","1","0.20","35808133108"
"002070","비비안","KOSPI","섬유의복","1356","-19","-1.38","40400650440"
"100220","비상교육","KOSPI","서비스업","6340","30","0.48","82399337940"
"030790","비케이탑스","KOSPI","서비스업","904","0","0.00","19208323080"
"005180","빙그레","KOSPI","음식료품","41900","-50","-0.12","412766997900"
"003960","사조대림","KOSPI","음식료품","25800","-450","-1.71","236443248600"
"008040","사조동아원","KOSPI","음식료품","983","4","0.41","138745141800"
"007160","사조산업","KOSPI","농업, 임업 및 어업","45150","550","1.23","225750000000"
"014710","사조씨푸드","KOSPI","음식료품","5620","80","1.44","96768211660"
"006090","사조오양","KOSPI","음식료품","8290","0","0.00","78114506310"
"001470","삼부토건","KOSPI","건설업","1286","-27","-2.06","254207960250"
"006400","삼성SDI","KOSPI","전기전자","793000","12000","1.54","54530272290000"
"006405","삼성SDI우","KOSPI","전기전자","351000","4000","1.15","567881496000"
"006660","삼성공조","KOSPI","운수장비","11530","-80","-0.69","93696400420"
"028260","삼성물산","KOSPI","유통업","110700","-1300","-1.16","20688399866700"
"02826K","삼성물산우B","KOSPI","유통업","100900","100","0.10","164207182500"
"207940","삼성바이오로직스","KOSPI","의약품","794000","-7000","-0.87","56512156000000"
"032830","삼성생명","KOSPI","보험","67300","0","0.00","13460000000000"
"018260","삼성에스디에스","KOSPI","서비스업","123400","-2000","-1.59","9548420520000"
"028050","삼성엔지니어링","KOSPI","서비스업","27100","150","0.56","5311600000000"
"009150","삼성전기","KOSPI","전기전자","151400","-1500","-0.98","11308625574400"
"009155","삼성전기우","KOSPI","전기전자","73000","-600","-0.82","212209832000"
"005930","삼성전자","KOSPI","전기전자","60700","-800","-1.30","362365800785000"
"005935","삼성전자우","KOSPI","전기전자","54100","-600","-1.10","44518170470000"
"001360","삼성제약","KOSPI","의약품","2745","65","2.43","184359906855"
"010140","삼성중공업","KOSPI","운수장비","5290","-90","-1.67","4655200000000"
"010145","삼성중공우","KOSPI","운수장비","169900","-3100","-1.79","19512165500"
"016360","삼성증권","KOSPI","증권","32200","-450","-1.38","2875460000000"
"068290","삼성출판사","KOSPI","서비스업","24350","-300","-1.22","243500000000"
"029780","삼성카드","KOSPI","기타금융","30250","-50","-0.17","3504731452750"
"000810","삼성화재","KOSPI","보험","214500","-1000","-0.46","10161902536500"
"000815","삼성화재우","KOSPI","보험","161200","0","0.00","514550400000"
"006110","삼아알미늄","KOSPI","철강금속","39350","-1300","-3.20","578913894600"
"145990","삼양사","KOSPI","음식료품","44350","-650","-1.44","457401463150"
"145995","삼양사우","KOSPI","음식료품","29250","-700","-2.34","10824547500"
"003230","삼양식품","KOSPI","음식료품","123000","2400","1.99","926560845000"
"002170","삼양통상","KOSPI","기타제조업","51800","800","1.57","155400000000"
"272550","삼양패키징","KOSPI","화학","19190","1090","6.02","302984596490"
"000070","삼양홀딩스","KOSPI","기타금융","82500","1500","1.85","706552357500"
"000075","삼양홀딩스우","KOSPI","기타금융","56500","1300","2.36","17179277000"
"002810","삼영무역","KOSPI","유통업","12950","10","0.08","239146976600"
"005680","삼영전자","KOSPI","전기전자","9790","300","3.16","195800000000"
"003720","삼영화학","KOSPI","화학","3060","0","0.00","104040000000"
"023000","삼원강재","KOSPI","운수장비","2880","10","0.35","115200000000"
"004380","삼익THK","KOSPI","기계","12950","-90","-0.69","271950000000"
"002450","삼익악기","KOSPI","기타제조업","1273","-11","-0.86","115245854795"
"004440","삼일씨엔에스","KOSPI","비금속광물","5580","-50","-0.89","71044264260"
"000520","삼일제약","KOSPI","의약품","8070","-80","-0.98","110675611500"
"009770","삼정펄프","KOSPI","종이목재","25900","200","0.78","64749248900"
"005500","삼진제약","KOSPI","의약품","23150","100","0.43","321785000000"
"004690","삼천리","KOSPI","전기가스업","494000","1000","0.20","2003182350000"
"010960","삼호개발","KOSPI","건설업","3715","-25","-0.67","92875000000"
"004450","삼화왕관","KOSPI","기계","38100","-750","-1.93","82081839900"
"009470","삼화전기","KOSPI","전기전자","17180","-20","-0.12","113625427600"
"011230","삼화전자","KOSPI","전기전자","2820","45","1.62","34129614000"
"001820","삼화콘덴서","KOSPI","전기전자","47800","150","0.31","496881000000"
"000390","삼화페인트","KOSPI","화학","6000","120","2.04","163220814000"
"001290","상상인증권","KOSPI","증권","784","0","0.00","84936302080"
"041650","상신브레이크","KOSPI","운수장비","3515","30","0.86","75472146750"
"075180","새론오토모티브","KOSPI","운수장비","4690","0","0.00","90048000000"
"007540","샘표","KOSPI","기타금융","49350","-150","-0.30","141920730000"
"248170","샘표식품","KOSPI","음식료품","30700","350","1.15","140246380200"
"007860","서연","KOSPI","기타금융","8300","-90","-1.07","194882705200"
"200880","서연이화","KOSPI","운수장비","11840","-50","-0.42","320016694080"
"017390","서울가스","KOSPI","전기가스업","486500","1000","0.21","2432500000000"
"004410","서울식품","KOSPI","음식료품","205","1","0.49","76824889595"
"004415","서울식품우","KOSPI","음식료품","2710","-20","-0.73","6028395000"
"021050","서원","KOSPI","철강금속","1312","7","0.54","62286662080"
"008490","서흥","KOSPI","화학","32600","200","0.62","377153083800"
"007610","선도전기","KOSPI","전기전자","3000","0","0.00","54000000000"
"136490","선진","KOSPI","음식료품","9600","170","1.80","228284198400"
"014910","성문전자","KOSPI","전기전자","1712","-2","-0.12","33361499184"
"014915","성문전자우","KOSPI","전기전자","8910","10","0.11","5346000000"
"003080","성보화학","KOSPI","화학","3340","-20","-0.60","66866800000"
"004980","성신양회","KOSPI","비금속광물","8840","40","0.45","216722085320"
"004985","성신양회우","KOSPI","비금속광물","12400","50","0.40","9121998000"
"011300","성안","KOSPI","섬유의복","1063","2","0.19","61686094096"
"000180","성창기업지주","KOSPI","서비스업","2180","35","1.63","152058488000"
"002420","세기상사","KOSPI","유통업","7500","-70","-0.92","39698610000"
"004360","세방","KOSPI","운수창고업","43200","-400","-0.92","834135408000"
"004365","세방우","KOSPI","운수창고업","12150","-150","-1.22","44824387500"
"004490","세방전지","KOSPI","전기전자","51900","-2500","-4.60","726600000000"
"001430","세아베스틸지주","KOSPI","철강금속","23750","1250","5.56","851725326250"
"306200","세아제강","KOSPI","철강금속","140600","-1000","-0.71","398783780000"
"003030","세아제강지주","KOSPI","기타금융","152200","-3000","-1.93","630360195400"
"019440","세아특수강","KOSPI","철강금속","19000","770","4.22","162830000000"
"058650","세아홀딩스","KOSPI","철강금속","110400","1400","1.28","441600000000"
"013000","세우글로벌","KOSPI","유통업","1595","26","1.66","45784524445"
"091090","세원이앤씨","KOSPI","기계","375","-6","-1.57","80962978875"
"021820","세원정공","KOSPI","운수장비","7140","-70","-0.97","71400000000"
"067830","세이브존I&C","KOSPI","유통업","2930","25","0.86","120249822350"
"033530","세종공업","KOSPI","운수장비","6540","80","1.24","181949084940"
"075580","세진중공업","KOSPI","운수장비","5970","80","1.36","339391252320"
"027970","세하","KOSPI","종이목재","1263","11","0.88","72702065211"
"308170","센트랄모텍","KOSPI","운수장비","16520","-130","-0.78","142237200000"
"012600","센트럴인사이트","KOSPI","기계","2490","0","0.00","45159499050"
"068270","셀트리온","KOSPI","의약품","155400","3600","2.37","21883348746000"
"336370","솔루스첨단소재","KOSPI","전기전자","44350","-1550","-3.38","1557181498250"
"33637K","솔루스첨단소재1우","KOSPI","전기전자","9980","-300","-2.92","84383085620"
"33637L","솔루스첨단소재2우B","KOSPI","전기전자","11820","-280","-2.31","22332117000"
"248070","솔루엠","KOSPI","전기전자","22250","-100","-0.45","1112623509750"
"004430","송원산업","KOSPI","화학","20250","250","1.25","486000000000"
"126720","수산인더스트리","KOSPI","건설업","23250","150","0.65","332149500000"
"017550","수산중공업","KOSPI","기계","2780","-40","-1.42","150078753140"
"053210","스카이라이프","KOSPI","서비스업","8110","140","1.76","387836144260"
"026890","스틱인베스트먼트","KOSPI","기타금융","6140","-20","-0.32","255903994500"
"134790","시디즈","KOSPI","기타제조업","42750","0","0.00","85500000000"
"016590","신대양제지","KOSPI","종이목재","84600","0","0.00","340919557200"
"029530","신도리코","KOSPI","전기전자","33050","-150","-0.45","333144958450"
"004970","신라교역","KOSPI","농업, 임업 및 어업","11000","0","0.00","176000000000"
"011930","신성이엔지","KOSPI","전기전자","1774","53","3.08","365174619874"
"005390","신성통상","KOSPI","유통업","2340","25","1.08","336277632600"
"004170","신세계","KOSPI","유통업","213000","-1500","-0.70","2097023553000"
"035510","신세계 I&C","KOSPI","서비스업","17390","-360","-2.03","299108000000"
"034300","신세계건설","KOSPI","건설업","21200","-400","-1.85","84800000000"
"031430","신세계인터내셔날","KOSPI","유통업","22450","-100","-0.44","801465000000"
"031440","신세계푸드","KOSPI","서비스업","50000","350","0.70","193624000000"
"006880","신송홀딩스","KOSPI","유통업","7250","-70","-0.96","85759220500"
"005800","신영와코루","KOSPI","섬유의복","11270","-70","-0.62","101430000000"
"001720","신영증권","KOSPI","증권","60000","0","0.00","563174220000"
"001725","신영증권우","KOSPI","증권","59700","-100","-0.17","421109651100"
"009270","신원","KOSPI","섬유의복","1512","-8","-0.53","155110570272"
"002700","신일전자","KOSPI","유통업","2200","-5","-0.23","156304546200"
"002870","신풍","KOSPI","유통업","1141","0","0.00","39887876700"
"019170","신풍제약","KOSPI","의약품","19880","-90","-0.45","1053341601200"
"019175","신풍제약우","KOSPI","의약품","35550","-700","-1.93","78210000000"
"404990","신한서부티엔디리츠","KOSPI","서비스업","4075","25","0.62","228020227300"
"293940","신한알파리츠","KOSPI","서비스업","6400","-100","-1.54","472512787200"
"055550","신한지주","KOSPI","기타금융","36800","-250","-0.67","18723283179200"
"004080","신흥","KOSPI","유통업","14730","-60","-0.41","139935000000"
"102280","쌍방울","KOSPI","섬유의복","329","-2","-0.60","86392810441"
"003410","쌍용C&E","KOSPI","비금속광물","5630","-40","-0.71","2836729519850"
"003620","쌍용차","KOSPI","운수장비","8760","0","0.00","1637734770240"
"004770","써니전자","KOSPI","전기전자","2770","-10","-0.36","96520680470"
"015540","쎌마테라퓨틱스","KOSPI","서비스업","6410","0","0.00","203176385440"
"403550","쏘카","KOSPI","서비스업","20800","-500","-2.35","681265561600"
"004920","씨아이테크","KOSPI","기타제조업","1125","1","0.09","52203778875"
"112610","씨에스윈드","KOSPI","기계","76300","4800","6.71","3217678048900"
"008700","아남전자","KOSPI","전기전자","2380","-70","-2.86","183557071600"
"002790","아모레G","KOSPI","화학","39900","-250","-0.62","3290081382000"
"00279K","아모레G3우(전환)","KOSPI","화학","29500","-450","-1.50","209219900000"
"002795","아모레G우","KOSPI","화학","13930","-360","-2.52","89761716100"
"090430","아모레퍼시픽","KOSPI","화학","141500","-2500","-1.74","8276725398500"
"090435","아모레퍼시픽우","KOSPI","화학","46000","-800","-1.71","485660180000"
"002030","아세아","KOSPI","서비스업","147700","-2300","-1.53","323614244800"
"183190","아세아시멘트","KOSPI","비금속광물","9210","10","0.11","358804008900"
"002310","아세아제지","KOSPI","종이목재","36500","200","0.55","326912323000"
"012170","아센디오","KOSPI","서비스업","781","6","0.77","66065436668"
"267850","아시아나IDT","KOSPI","서비스업","15660","-80","-0.51","173826000000"
"020560","아시아나항공","KOSPI","운수창고업","13910","-80","-0.57","1035067637240"
"122900","아이마켓코리아","KOSPI","유통업","10360","20","0.19","346322782400"
"010780","아이에스동서","KOSPI","비금속광물","45700","400","0.88","1411792094200"
"139990","아주스틸","KOSPI","철강금속","9880","-20","-0.20","261347627320"
"001780","알루코","KOSPI","철강금속","3200","75","2.40","287902182400"
"018250","애경산업","KOSPI","화학","18650","-230","-1.22","492545287750"
"161000","애경케미칼","KOSPI","화학","8720","60","0.69","424216742480"
"011090","에넥스","KOSPI","기타제조업","762","-6","-0.78","45713630442"
"137310","에스디바이오센서","KOSPI","의료정밀","22850","450","2.01","2386736266050"
"005850","에스엘","KOSPI","운수장비","27100","-400","-1.45","1258754892000"
"010580","에스엠벡셀","KOSPI","운수장비","2135","15","0.71","237522507600"
"012750","에스원","KOSPI","서비스업","56500","0","0.00","2146953557000"
"023960","에쓰씨엔지니어링","KOSPI","건설업","1589","39","2.52","49655225095"
"298690","에어부산","KOSPI","운수창고업","4155","-130","-3.03","484639200000"
"140910","에이리츠","KOSPI","서비스업","3665","15","0.41","16357012280"
"078520","에이블씨엔씨","KOSPI","화학","7400","-350","-4.52","200047596600"
"015260","에이엔피","KOSPI","전기전자","1669","52","3.22","67729944357"
"007460","에이프로젠","KOSPI","기계","1673","6","0.36","424387994415"
"003060","에이프로젠바이오로직스","KOSPI","의약품","346","1","0.29","202671122048"
"244920","에이플러스에셋","KOSPI","기타금융","4790","80","1.70","108290849470"
"036570","엔씨소프트","KOSPI","서비스업","420000","-14500","-3.34","9220689240000"
"380440","엔에이치스팩19호","KOSPI","기타금융","1980","2","0.10","101554200000"
"085310","엔케이","KOSPI","기계","944","4","0.43","75504284288"
"900140","엘브이엠씨홀딩스","KOSPI","유통업","2945","-30","-1.01","292895849665"
"097520","엠씨넥스","KOSPI","전기전자","32450","2950","10.00","583377403400"
"014440","영보화학","KOSPI","화학","3725","-40","-1.06","74500000000"
"111770","영원무역","KOSPI","유통업","43050","-550","-1.26","1907608697400"
"009970","영원무역홀딩스","KOSPI","기타금융","65000","900","1.40","886313480000"
"003520","영진약품","KOSPI","의약품","3280","85","2.66","599888157680"
"000670","영풍","KOSPI","철강금속","627000","-1000","-0.16","1154959080000"
"006740","영풍제지","KOSPI","종이목재","17700","700","4.12","394621500000"
"012280","영화금속","KOSPI","운수장비","910","8","0.89","48588999550"
"012160","영흥","KOSPI","철강금속","815","10","1.24","82567953180"
"015360","예스코홀딩스","KOSPI","서비스업","31400","150","0.48","188400000000"
"007310","오뚜기","KOSPI","음식료품","448500","4000","0.90","1797511755000"
"002630","오리엔트바이오","KOSPI","의약품","669","-5","-0.74","79332030345"
"271560","오리온","KOSPI","음식료품","125100","300","0.24","4945970113200"
"001800","오리온홀딩스","KOSPI","기타금융","15400","60","0.39","964739498800"
"011690","와이투솔루션","KOSPI","전기전자","879","104","13.42","139968124923"
"070960","용평리조트","KOSPI","서비스업","3415","-25","-0.73","164375332195"
"316140","우리금융지주","KOSPI","기타금융","11780","90","0.77","8576553267220"
"010050","우리종금","KOSPI","기타금융","812","-2","-0.25","709853165672"
"006980","우성","KOSPI","음식료품","23650","400","1.72","73078500000"
"017370","우신시스템","KOSPI","기계","3830","25","0.66","70142826820"
"105840","우진","KOSPI","의료정밀","8760","30","0.34","178034858640"
"010400","우진아이엔에스","KOSPI","건설업","6820","20","0.29","51982040000"
"049800","우진플라임","KOSPI","기계","4060","100","2.53","81200000000"
"016880","웅진","KOSPI","서비스업","1705","-9","-0.53","136275671400"
"095720","웅진씽크빅","KOSPI","서비스업","3245","125","4.01","374816921325"
"005820","원림","KOSPI","섬유의복","22800","-300","-1.30","52393716000"
"010600","웰바이오텍","KOSPI","유통업","1291","-9","-0.69","85763846264"
"008600","윌비스","KOSPI","유통업","649","-4","-0.61","43636189311"
"033270","유나이티드제약","KOSPI","의약품","22900","0","0.00","372006423800"
"014830","유니드","KOSPI","화학","83600","1300","1.58","565771360000"
"446070","유니드비티플러스","KOSPI","종이목재","10890","-120","-1.09","115556131350"
"000910","유니온","KOSPI","비금속광물","5620","-30","-0.53","87737298780"
"047400","유니온머티리얼","KOSPI","비금속광물","2905","0","0.00","122010000000"
"011330","유니켐","KOSPI","기타제조업","1324","22","1.69","98200370336"
"077500","유니퀘스트","KOSPI","유통업","10900","100","0.93","298180127500"
"002920","유성기업","KOSPI","운수장비","2920","0","0.00","75766700000"
"000700","유수홀딩스","KOSPI","서비스업","7160","-10","-0.14","186459373920"
"003470","유안타증권","KOSPI","증권","2695","-25","-0.92","537912772320"
"003475","유안타증권우","KOSPI","증권","2580","5","0.19","33313506960"
"072130","유엔젤","KOSPI","서비스업","5580","-260","-4.45","73630633320"
"000220","유유제약","KOSPI","의약품","6190","20","0.32","106668252690"
"000225","유유제약1우","KOSPI","의약품","7270","-10","-0.14","16480581100"
"000227","유유제약2우B","KOSPI","의약품","15000","-280","-1.83","4883400000"
"001200","유진투자증권","KOSPI","증권","2585","-25","-0.96","250399690530"
"000100","유한양행","KOSPI","의약품","53300","300","0.57","4084840418100"
"000105","유한양행우","KOSPI","의약품","52700","0","0.00","62235538000"
"003460","유화증권","KOSPI","증권","2250","0","0.00","127580433750"
"003465","유화증권우","KOSPI","증권","2490","45","1.84","43516298250"
"008730","율촌화학","KOSPI","화학","46350","-700","-1.49","1149480000000"
"008250","이건산업","KOSPI","종이목재","7740","210","2.79","84773394900"
"025820","이구산업","KOSPI","철강금속","3230","35","1.10","108017660000"
"214320","이노션","KOSPI","서비스업","43000","-100","-0.23","860000000000"
"088260","이리츠코크렙","KOSPI","서비스업","5160","0","0.00","326842604400"
"139480","이마트","KOSPI","유통업","115400","-300","-0.26","3216869512600"
"007660","이수페타시스","KOSPI","전기전자","8800","-410","-4.45","556568487200"
"005950","이수화학","KOSPI","화학","36850","300","0.82","1030309196400"
"015020","이스타코","KOSPI","서비스업","820","30","3.80","35138312000"
"093230","이아이디","KOSPI","유통업","900","0","0.00","104148188100"
"074610","이엔플러스","KOSPI","기계","5030","600","13.54","293439164180"
"102460","이연제약","KOSPI","의약품","19390","330","1.73","348992408030"
"084680","이월드","KOSPI","기타제조업","1627","10","0.62","230718676011"
"350520","이지스레지던스리츠","KOSPI","서비스업","3995","-30","-0.75","113292674915"
"334890","이지스밸류리츠","KOSPI","서비스업","4735","0","0.00","173989161225"
"000760","이화산업","KOSPI","유통업","16390","90","0.55","45892000000"
"014990","인디에프","KOSPI","섬유의복","1081","-12","-1.10","76440747595"
"101140","인바이오젠","KOSPI","유통업","605","-7","-1.14","85235019650"
"006490","인스코비","KOSPI","통신업","1455","45","3.19","163512904365"
"023800","인지컨트롤스","KOSPI","운수장비","8720","120","1.40","137856197840"
"034590","인천도시가스","KOSPI","전기가스업","26900","0","0.00","117680882600"
"129260","인터지스","KOSPI","운수창고업","2675","-30","-1.11","79575562950"
"023810","인팩","KOSPI","운수장비","9980","170","1.73","99800000000"
"249420","일동제약","KOSPI","의약품","23400","200","0.86","627196869000"
"000230","일동홀딩스","KOSPI","의약품","13390","-10","-0.07","154525956000"
"013360","일성건설","KOSPI","건설업","2435","25","1.04","131550582800"
"003120","일성신약","KOSPI","의약품","134500","2400","1.82","357770000000"
"003200","일신방직","KOSPI","섬유의복","134100","2300","1.75","321840000000"
"007110","일신석재","KOSPI","유통업","1376","60","4.56","106580295360"
"007570","일양약품","KOSPI","의약품","18720","250","1.35","357283630080"
"007575","일양약품우","KOSPI","의약품","20900","-750","-3.46","9302172000"
"008500","일정실업","KOSPI","섬유의복","13740","-150","-1.08","16488000000"
"081000","일진다이아","KOSPI","화학","19620","790","4.20","278662369500"
"020760","일진디스플","KOSPI","전기전자","1038","0","0.00","53471263158"
"020150","일진머티리얼즈","KOSPI","전기전자","70000","-600","-0.85","3227758450000"
"103590","일진전기","KOSPI","전기전자","5260","160","3.14","195042851400"
"271940","일진하이솔루스","KOSPI","운수장비","32150","450","1.42","1167469058500"
"015860","일진홀딩스","KOSPI","기타금융","4380","65","1.51","216141975540"
"226320","잇츠한불","KOSPI","화학","17820","-200","-1.11","390780393300"
"317400","자이에스앤디","KOSPI","서비스업","6840","-160","-2.29","265272436800"
"033240","자화전자","KOSPI","전기전자","31400","700","2.28","638885406600"
"000950","전방","KOSPI","섬유의복","44950","200","0.45","75516000000"
"348950","제이알글로벌리츠","KOSPI","서비스업","4525","0","0.00","893126400000"
"194370","제이에스코퍼레이션","KOSPI","기타제조업","14200","-40","-0.28","189365534200"
"025620","제이준코스메틱","KOSPI","화학","8110","-200","-2.41","31262476660"
"030000","제일기획","KOSPI","서비스업","19960","-190","-0.94","2296222851000"
"271980","제일약품","KOSPI","의약품","20000","860","4.49","294097440000"
"001560","제일연마","KOSPI","비금속광물","10200","480","4.94","102000000000"
"002620","제일파마홀딩스","KOSPI","서비스업","12900","680","5.56","206056279500"
"006220","제주은행","KOSPI","은행","22050","550","2.56","708439466700"
"089590","제주항공","KOSPI","운수창고업","15600","-600","-3.70","1201101891600"
"004910","조광페인트","KOSPI","화학","8300","410","5.20","106240000000"
"004700","조광피혁","KOSPI","기타제조업","48950","100","0.20","325475305100"
"001550","조비","KOSPI","화학","17710","700","4.12","91954552690"
"000480","조선내화","KOSPI","비금속광물","83900","1000","1.21","335600000000"
"120030","조선선재","KOSPI","기계","104400","1100","1.06","131298764400"
"018470","조일알미늄","KOSPI","철강금속","2225","25","1.14","281755579225"
"002600","조흥","KOSPI","음식료품","225000","2000","0.90","135000000000"
"185750","종근당","KOSPI","의약품","81700","400","0.49","1026843508800"
"063160","종근당바이오","KOSPI","의약품","26000","0","0.00","142635012000"
"001630","종근당홀딩스","KOSPI","의약품","55000","400","0.73","275542355000"
"044380","주연테크","KOSPI","전기전자","807","-3","-0.37","47773789908"
"013890","지누스","KOSPI","기타제조업","30750","-300","-0.97","581195787000"
"013870","지엠비코리아","KOSPI","운수장비","5070","10","0.20","96696459600"
"071320","지역난방공사","KOSPI","전기가스업","28550","550","1.96","330573141200"
"035000","지투알","KOSPI","서비스업","6270","20","0.32","103877654430"
"088790","진도","KOSPI","유통업","2940","-10","-0.34","36596367360"
"003780","진양산업","KOSPI","화학","6020","-20","-0.33","78260000000"
"010640","진양폴리","KOSPI","화학","4180","-35","-0.83","41800000000"
"100250","진양홀딩스","KOSPI","화학","3220","-10","-0.31","179982840240"
"051630","진양화학","KOSPI","화학","3115","-90","-2.81","49217000000"
"272450","진에어","KOSPI","운수창고업","16660","-410","-2.40","869652000000"
"011000","진원생명과학","KOSPI","의약품","7340","160","2.23","570696736660"
"002780","진흥기업","KOSPI","건설업","1295","13","1.01","188385909775"
"002787","진흥기업2우B","KOSPI","건설업","13110","100","0.77","3864932880"
"002785","진흥기업우B","KOSPI","건설업","5070","-20","-0.39","4346095260"
"009310","참엔지니어링","KOSPI","기계","735","3","0.41","43267552965"
"000650","천일고속","KOSPI","운수창고업","58500","500","0.86","83609370000"
"033250","체시스","KOSPI","운수장비","918","-10","-1.08","29376000000"
"118000","초록뱀헬스케어","KOSPI","유통업","531","-1","-0.19","44978347035"
"035720","카카오","KOSPI","서비스업","61500","-2100","-3.30","27399124837500"
"323410","카카오뱅크","KOSPI","은행","26200","-400","-1.50","12490342689400"
"377300","카카오페이","KOSPI","기타금융","62000","-1000","-1.59","8288235330000"
"006380","카프로","KOSPI","화학","2070","-10","-0.48","82800000000"
"109070","컨버즈","KOSPI","전기전자","4100","0","0.00","150921943000"
"001620","케이비아이동국실업","KOSPI","운수장비","638","5","0.79","63974184208"
"029460","케이씨","KOSPI","의료정밀","20550","200","0.98","278535604200"
"281820","케이씨텍","KOSPI","의료정밀","17420","-110","-0.63","363408305520"
"381970","케이카","KOSPI","유통업","12170","-160","-1.30","585213106610"
"145270","케이탑리츠","KOSPI","서비스업","891","9","1.02","42822149634"
"417310","코람코더원리츠","KOSPI","서비스업","4470","15","0.34","180588000000"
"357120","코람코에너지리츠","KOSPI","서비스업","5140","30","0.59","455067196360"
"007815","코리아써우","KOSPI","전기전자","7250","-60","-0.82","21494002500"
"007810","코리아써키트","KOSPI","전기전자","15510","-320","-2.02","366357848010"
"00781K","코리아써키트2우B","KOSPI","전기전자","11270","-380","-3.26","8832287730"
"003690","코리안리","KOSPI","보험","7920","20","0.25","1115317676880"
"192820","코스맥스","KOSPI","화학","82100","-1500","-1.79","931794688900"
"044820","코스맥스비티아이","KOSPI","기타금융","8760","10","0.11","84130347960"
"005070","코스모신소재","KOSPI","화학","99700","700","0.71","3055880373200"
"005420","코스모화학","KOSPI","화학","48450","-1300","-2.61","1696148646600"
"071950","코아스","KOSPI","기타제조업","701","-8","-1.13","21665954210"
"002020","코오롱","KOSPI","기타금융","21400","-100","-0.47","270205516400"
"003070","코오롱글로벌","KOSPI","건설업","16200","-20","-0.12","306709950600"
"003075","코오롱글로벌우","KOSPI","건설업","27000","-700","-2.53","19999899000"
"450140","코오롱모빌리티그룹","KOSPI","유통업","5250","-150","-2.78","329580562500"
"45014K","코오롱모빌리티그룹우","KOSPI","유통업","17480","-2370","-11.94","42932977600"
"002025","코오롱우","KOSPI","기타금융","16050","-350","-2.13","17276059500"
"120110","코오롱인더","KOSPI","화학","45700","-50","-0.11","1257622458700"
"120115","코오롱인더우","KOSPI","화학","23900","-100","-0.42","66151854000"
"138490","코오롱플라스틱","KOSPI","화학","9350","140","1.52","355300000000"
"021240","코웨이","KOSPI","서비스업","52200","-1200","-2.25","3852340111800"
"036420","콘텐트리중앙","KOSPI","서비스업","24500","-200","-0.81","471926546000"
"031820","콤텍시스템","KOSPI","서비스업","802","-11","-1.35","97083275732"
"192400","쿠쿠홀딩스","KOSPI","기타금융","16000","10","0.06","568994960000"
"284740","쿠쿠홈시스","KOSPI","서비스업","29300","-350","-1.18","657413769000"
"015590","큐로","KOSPI","기계","356","2","0.56","82311343128"
"264900","크라운제과","KOSPI","음식료품","8940","-70","-0.78","111963219000"
"26490K","크라운제과우","KOSPI","음식료품","12050","-40","-0.33","9321398000"
"005740","크라운해태홀딩스","KOSPI","기타금융","6930","-80","-1.14","102892114710"
"005745","크라운해태홀딩스우","KOSPI","기타금융","11540","240","2.12","6932378040"
"259960","크래프톤","KOSPI","서비스업","169200","-4300","-2.48","8330949468000"
"020120","키다리스튜디오","KOSPI","서비스업","8560","30","0.35","316418396960"
"039490","키움증권","KOSPI","증권","99300","-800","-0.80","2603597640900"
"014580","태경비케이","KOSPI","비금속광물","6470","290","4.69","178462657000"
"015890","태경산업","KOSPI","화학","6910","250","3.75","201970662500"
"006890","태경케미컬","KOSPI","화학","13900","250","1.83","161240000000"
"003240","태광산업","KOSPI","화학","782000","0","0.00","870678800000"
"011280","태림포장","KOSPI","종이목재","2950","45","1.55","208877523000"
"004100","태양금속","KOSPI","운수장비","1642","-19","-1.14","60261400000"
"004105","태양금속우","KOSPI","운수장비","3515","-135","-3.70","11599500000"
"009410","태영건설","KOSPI","건설업","4370","40","0.92","169989058260"
"009415","태영건설우","KOSPI","건설업","6810","-100","-1.45","8867587020"
"001420","태원물산","KOSPI","운수장비","5030","70","1.41","38228000000"
"007980","태평양물산","KOSPI","섬유의복","1680","-13","-0.77","81708599280"
"055490","테이팩스","KOSPI","화학","63000","-200","-0.32","297211950000"
"078000","텔코웨어","KOSPI","서비스업","9570","180","1.92","92854896420"
"214420","토니모리","KOSPI","화학","4585","-175","-3.68","110291253415"
"019180","티에이치엔","KOSPI","전기전자","3535","20","0.57","63630000000"
"363280","티와이홀딩스","KOSPI","기타금융","12370","70","0.57","629995045160"
"36328K","티와이홀딩스우","KOSPI","기타금융","13100","20","0.15","16444927800"
"091810","티웨이항공","KOSPI","운수창고업","3425","-70","-2.00","665868881600"
"004870","티웨이홀딩스","KOSPI","비금속광물","610","4","0.66","66778021870"
"005690","파미셀","KOSPI","의약품","9770","140","1.45","586365738280"
"036580","팜스코","KOSPI","음식료품","3915","-10","-0.25","143789896845"
"004720","팜젠사이언스","KOSPI","의약품","6430","120","1.90","101792622700"
"028670","팬오션","KOSPI","운수창고업","6250","-120","-1.88","3341059450000"
"010820","퍼스텍","KOSPI","기계","3310","25","0.76","159083432600"
"016800","퍼시스","KOSPI","기타제조업","30250","200","0.67","347875000000"
"001020","페이퍼코리아","KOSPI","종이목재","1366","96","7.56","64976262460"
"090080","평화산업","KOSPI","운수장비","1235","18","1.48","67804289865"
"010770","평화홀딩스","KOSPI","운수장비","3535","25","0.71","51701022310"
"058430","포스코스틸리온","KOSPI","철강금속","37250","500","1.36","223500000000"
"047050","포스코인터내셔널","KOSPI","유통업","22500","-100","-0.44","3958262730000"
"003670","포스코케미칼","KOSPI","비금속광물","260500","26000","11.09","20179168810000"
"017810","풀무원","KOSPI","음식료품","10700","-30","-0.28","407889799400"
"103140","풍산","KOSPI","철강금속","37450","150","0.40","1049509211100"
"005810","풍산홀딩스","KOSPI","기타금융","37900","5000","15.20","378944211200"
"950210","프레스티지바이오파마","KOSPI","서비스업","10490","90","0.87","630408665950"
"009810","플레이그램","KOSPI","유통업","820","0","0.00","97658619960"
"086790","하나금융지주","KOSPI","기타금융","43800","350","0.81","12960572248800"
"293480","하나제약","KOSPI","의약품","14900","-10","-0.07","264816895400"
"039130","하나투어","KOSPI","서비스업","63500","100","0.16","1018488247500"
"352820","하이브","KOSPI","서비스업","188500","-3300","-1.72","7795113449500"
"071090","하이스틸","KOSPI","철강금속","4610","-60","-1.28","93082681310"
"019490","하이트론","KOSPI","전기전자","2470","0","0.00","23739723280"
"000080","하이트진로","KOSPI","음식료품","23550","-150","-0.63","1651646539050"
"000087","하이트진로2우B","KOSPI","음식료품","16010","-120","-0.74","18093509380"
"000140","하이트진로홀딩스","KOSPI","기타금융","9850","-50","-0.51","228586635250"
"000145","하이트진로홀딩스우","KOSPI","기타금융","13990","0","0.00","6586631900"
"152550","한국ANKOR유전","KOSPI","기타금융","175","40","29.63","12253500000"
"036460","한국가스공사","KOSPI","전기가스업","27950","100","0.36","2580148350000"
"005430","한국공항","KOSPI","운수창고업","42700","-550","-1.27","135203358500"
"071050","한국금융지주","KOSPI","기타금융","59900","-500","-0.83","3337986920800"
"071055","한국금융지주우","KOSPI","기타금융","44500","-500","-1.11","260692169500"
"010040","한국내화","KOSPI","비금속광물","3090","75","2.49","126897221580"
"025540","한국단자","KOSPI","전기전자","57900","-300","-0.52","603028500000"
"004090","한국석유","KOSPI","비금속광물","11100","200","1.83","140904732000"
"002200","한국수출포장","KOSPI","종이목재","34300","950","2.85","137200000000"
"002960","한국쉘석유","KOSPI","화학","236000","0","0.00","306800000000"
"000240","한국앤컴퍼니","KOSPI","기타금융","13280","-10","-0.08","1260739987200"
"123890","한국자산신탁","KOSPI","기타금융","2975","-15","-0.50","368833812200"
"015760","한국전력","KOSPI","전기가스업","17900","-120","-0.67","11491156978300"
"006200","한국전자홀딩스","KOSPI","기타금융","1213","-6","-0.49","56772203968"
"009540","한국조선해양","KOSPI","운수장비","79700","-800","-0.99","5640617345200"
"023350","한국종합기술","KOSPI","서비스업","6750","-360","-5.06","73912500000"
"025890","한국주강","KOSPI","기계","3385","85","2.58","38281841715"
"000970","한국주철관","KOSPI","철강금속","7190","30","0.42","163935595000"
"104700","한국철강","KOSPI","철강금속","7550","-40","-0.53","320497500000"
"017960","한국카본","KOSPI","기계","11270","-160","-1.40","495437731390"
"161890","한국콜마","KOSPI","화학","41300","-400","-0.96","944992734000"
"024720","한국콜마홀딩스","KOSPI","기타금융","16550","260","1.60","307444699450"
"161390","한국타이어앤테크놀로지","KOSPI","화학","36750","-1100","-2.91","4552408785750"
"034830","한국토지신탁","KOSPI","기타금융","1311","6","0.46","331013380530"
"007280","한국특강","KOSPI","철강금속","2135","-35","-1.61","129358791730"
"168490","한국패러랠","KOSPI","기타금융","2060","5","0.24","164841200000"
"010100","한국프랜지","KOSPI","운수장비","2940","15","0.51","89524234800"
"047810","한국항공우주","KOSPI","운수장비","45000","-500","-1.10","4386379815000"
"123690","한국화장품","KOSPI","유통업","8220","-90","-1.08","132078960000"
"003350","한국화장품제조","KOSPI","화학","30650","-1250","-3.92","138905800000"
"011500","한농화성","KOSPI","화학","16690","-1200","-6.71","260982230980"
"002390","한독","KOSPI","의약품","16520","450","2.80","227373565160"
"053690","한미글로벌","KOSPI","서비스업","30200","150","0.50","330918010000"
"042700","한미반도체","KOSPI","기계","16230","370","2.33","1579816871460"
"008930","한미사이언스","KOSPI","기타금융","34600","2550","7.96","2420510124000"
"128940","한미약품","KOSPI","의약품","266000","3000","1.14","3341534028000"
"009240","한샘","KOSPI","유통업","53900","400","0.75","1268478719200"
"020000","한섬","KOSPI","섬유의복","25700","-200","-0.77","632991000000"
"003680","한성기업","KOSPI","음식료품","5880","50","0.86","36511948200"
"105630","한세실업","KOSPI","섬유의복","17780","990","5.90","711200000000"
"069640","한세엠케이","KOSPI","유통업","2800","110","4.09","84298205600"
"016450","한세예스24홀딩스","KOSPI","섬유의복","4910","165","3.48","196400000000"
"010420","한솔PNS","KOSPI","유통업","1698","40","2.41","34797134376"
"009180","한솔로지스틱스","KOSPI","운수창고업","3090","-50","-1.59","84905243250"
"213500","한솔제지","KOSPI","종이목재","12300","-50","-0.40","292747084800"
"014680","한솔케미칼","KOSPI","화학","211000","0","0.00","2391726145000"
"004710","한솔테크닉스","KOSPI","전기전자","6390","140","2.24","205182120420"
"004150","한솔홀딩스","KOSPI","기타금융","3515","20","0.57","147660148155"
"025750","한솔홈데코","KOSPI","종이목재","1125","8","0.72","90635792625"
"004960","한신공영","KOSPI","건설업","8830","130","1.49","102169298660"
"011700","한신기계","KOSPI","기계","6370","-60","-0.93","206681981870"
"001750","한양증권","KOSPI","증권","8970","-20","-0.22","114174949980"
"001755","한양증권우","KOSPI","증권","13150","330","2.57","6903750000"
"018880","한온시스템","KOSPI","기계","9230","-310","-3.25","4926974000000"
"009420","한올바이오파마","KOSPI","의약품","19240","1530","8.64","1005109875120"
"014130","한익스프레스","KOSPI","운수창고업","5510","-80","-1.43","66120000000"
"300720","한일시멘트","KOSPI","비금속광물","11840","-120","-1.00","820056633600"
"002220","한일철강","KOSPI","철강금속","3270","-5","-0.15","87300694200"
"006390","한일현대시멘트","KOSPI","비금속광물","17700","80","0.45","342099794400"
"003300","한일홀딩스","KOSPI","비금속광물","11250","-20","-0.18","346869945000"
"051600","한전KPS","KOSPI","건설업","33400","-400","-1.18","1503000000000"
"052690","한전기술","KOSPI","서비스업","64400","-1400","-2.13","2461368000000"
"130660","한전산업","KOSPI","서비스업","8030","60","0.75","261778000000"
"002320","한진","KOSPI","운수창고업","20650","-100","-0.48","308668518200"
"003480","한진중공업홀딩스","KOSPI","전기가스업","3850","0","0.00","113689776200"
"180640","한진칼","KOSPI","운수창고업","44950","450","1.01","3000942730200"
"18064K","한진칼우","KOSPI","운수창고업","31050","0","0.00","16666584300"
"005110","한창","KOSPI","유통업","857","-2","-0.23","68042087476"
"009460","한창제지","KOSPI","종이목재","1410","4","0.28","84131155260"
"372910","한컴라이프케어","KOSPI","의료정밀","6000","140","2.39","166046436000"
"000880","한화","KOSPI","화학","25950","-200","-0.76","1945179173250"
"00088K","한화3우B","KOSPI","화학","14000","-80","-0.57","314608000000"
"088350","한화생명","KOSPI","보험","2660","-10","-0.37","2310289800000"
"000370","한화손해보험","KOSPI","보험","4800","65","1.37","560346792000"
"009830","한화솔루션","KOSPI","화학","41600","0","0.00","7957185475200"
"009835","한화솔루션우","KOSPI","화학","38050","0","0.00","109043537800"
"272210","한화시스템","KOSPI","전기전자","12760","80","0.63","2410611403640"
"012450","한화에어로스페이스","KOSPI","운수장비","97300","900","0.93","4926299000000"
"000885","한화우","KOSPI","화학","33600","-300","-0.88","16104278400"
"003530","한화투자증권","KOSPI","증권","2875","-30","-1.03","616824853125"
"003535","한화투자증권우","KOSPI","증권","5840","-80","-1.35","28032000000"
"195870","해성디에스","KOSPI","전기전자","47250","-1050","-2.17","803250000000"
"101530","해태제과식품","KOSPI","음식료품","6440","-50","-0.77","187512333680"
"143210","핸즈코퍼레이션","KOSPI","운수장비","3110","10","0.32","67994763480"
"000720","현대건설","KOSPI","건설업","36550","0","0.00","4070053210750"
"267270","현대건설기계","KOSPI","기계","56000","100","0.18","1103244408000"
"000725","현대건설우","KOSPI","건설업","53200","-600","-1.12","56109667600"
"005440","현대그린푸드","KOSPI","유통업","7250","0","0.00","708357494500"
"086280","현대글로비스","KOSPI","운수창고업","158600","-2200","-1.37","5947500000000"
"042670","현대두산인프라코어","KOSPI","기계","8490","-90","-1.05","1679011359390"
"064350","현대로템","KOSPI","운수장비","25300","-100","-0.39","2761300012900"
"079430","현대리바트","KOSPI","기타제조업","8870","-30","-0.34","182147951340"
"012330","현대모비스","KOSPI","운수장비","218000","-1000","-0.46","20554150492000"
"010620","현대미포조선","KOSPI","운수장비","70200","-600","-0.85","2803938859800"
"069960","현대백화점","KOSPI","유통업","54600","-300","-0.55","1277773278600"
"004560","현대비앤지스틸","KOSPI","철강금속","11780","260","2.26","177628393580"
"004565","현대비앤지스틸우","KOSPI","철강금속","51100","-400","-0.78","5613437200"
"004310","현대약품","KOSPI","의약품","5040","45","0.90","161280000000"
"322000","현대에너지솔루션","KOSPI","전기전자","59200","5700","10.65","663040000000"
"017800","현대엘리베이","KOSPI","기계","27700","-200","-0.72","1130580790700"
"307950","현대오토에버","KOSPI","서비스업","113000","-2700","-2.33","3098909966000"
"011210","현대위아","KOSPI","운수장비","56600","-700","-1.22","1539241697800"
"267260","현대일렉트릭","KOSPI","전기전자","42050","-50","-0.12","1515782026750"
"004020","현대제철","KOSPI","철강금속","35700","-100","-0.28","4764014524500"
"329180","현대중공업","KOSPI","운수장비","100200","-1900","-1.86","8895066223200"
"005380","현대차","KOSPI","운수장비","175100","-2400","-1.35","37039166700600"
"005387","현대차2우B","KOSPI","운수장비","94000","-500","-0.53","3395336118000"
"005389","현대차3우B","KOSPI","운수장비","89600","-500","-0.55","215438540800"
"005385","현대차우","KOSPI","운수장비","93900","-100","-0.11","2264221874100"
"001500","현대차증권","KOSPI","증권","9170","-10","-0.11","290804193540"
"011760","현대코퍼레이션","KOSPI","유통업","16250","180","1.12","214970697500"
"227840","현대코퍼레이션홀딩스","KOSPI","유통업","11130","50","0.45","101292304680"
"126560","현대퓨처넷","KOSPI","통신업","3070","135","4.60","338323041150"
"001450","현대해상","KOSPI","보험","34000","150","0.44","3039600000000"
"057050","현대홈쇼핑","KOSPI","유통업","50500","400","0.80","606000000000"
"093240","형지엘리트","KOSPI","섬유의복","1373","5","0.37","42775537654"
"003010","혜인","KOSPI","유통업","7210","170","2.41","91658905870"
"111110","호전실업","KOSPI","섬유의복","8650","-20","-0.23","84337361600"
"008770","호텔신라","KOSPI","유통업","77400","-1000","-1.28","3037804565400"
"008775","호텔신라우","KOSPI","유통업","60000","-400","-0.66","45112740000"
"002460","화성산업","KOSPI","건설업","10200","160","1.59","103530000000"
"378850","화승알앤에이","KOSPI","운수장비","4210","90","2.18","79963152830"
"241590","화승엔터프라이즈","KOSPI","기타제조업","9550","290","3.13","578627585800"
"006060","화승인더","KOSPI","화학","4060","70","1.75","224599200000"
"013520","화승코퍼레이션","KOSPI","운수장비","1841","86","4.90","92144354932"
"010690","화신","KOSPI","운수장비","9770","-130","-1.31","341172405700"
"133820","화인베스틸","KOSPI","철강금속","2090","-15","-0.71","62244256690"
"010660","화천기계","KOSPI","기계","2965","-20","-0.67","65230000000"
"000850","화천기공","KOSPI","기계","35400","100","0.28","77880000000"
"016580","환인제약","KOSPI","의약품","17120","150","0.88","318433198400"
"032560","황금에스티","KOSPI","철강금속","8010","190","2.43","136170000000"
"004800","효성","KOSPI","기타금융","67400","-300","-0.44","1420187085000"
"094280","효성ITX","KOSPI","서비스업","14690","-200","-1.34","169789958000"
"298040","효성중공업","KOSPI","전기전자","76600","1300","1.73","714260376800"
"298050","효성첨단소재","KOSPI","화학","438000","-4500","-1.02","1962217224000"
"298020","효성티앤씨","KOSPI","화학","448500","-5000","-1.10","1940965377000"
"298000","효성화학","KOSPI","화학","144500","-200","-0.14","460973207000"
"093370","후성","KOSPI","화학","13480","-320","-2.32","1271866361920"
"081660","휠라홀딩스","KOSPI","유통업","39650","0","0.00","2408825602300"
"005870","휴니드","KOSPI","전기전자","6360","160","2.58","89777855400"
"079980","휴비스","KOSPI","화학","4935","175","3.68","170257500000"
"005010","휴스틸","KOSPI","철강금속","6230","-320","-4.89","350051707250"
"000540","흥국화재","KOSPI","보험","3790","130","3.55","243479624550"
"000547","흥국화재2우B","KOSPI","보험","19670","50","0.25","3021312000"
"000545","흥국화재우","KOSPI","보험","6920","-50","-0.72","5314560000"
"003280","흥아해운","KOSPI","운수창고업","1485","1","0.07","357030975015"